INSERT INTO employees (emp_id, name, bdate, phone_number, email, emp_date) VALUES
(1,'Edik Musico','1993-05-04','+688 375 980 5165','emusico0@ocn.ne.jp','2023-05-07'),
(2,'Darline Doig','1994-12-29','+33 483 936 5757','ddoig1@fema.gov','2020-08-14'),
(3,'Mathe Ridolfo','1993-03-05','+55 387 814 4460','mridolfo2@xing.com','2021-08-28'),
(4,'Elsey Ketcher','1994-07-22','+86 490 321 2048','eketcher3@telegraph.co.uk','2020-07-08'),
(5,'Stanislaus Beckett','1990-07-25','+47 765 435 8870','sbeckett4@instagram.com','2022-02-28'),
(6,'Sharla Kleine','1993-09-11','+57 622 857 7000','skleine5@amazon.co.uk','2022-12-22'),
(7,'Allsun Lafferty','1994-11-11','+86 730 312 8809','alafferty6@epa.gov','2023-08-23'),
(8,'Derril Neylon','1993-04-27','+62 581 447 7138','dneylon7@pbs.org','2020-06-15'),
(9,'Marget ONoulane','1993-09-02','+62 976 474 2691','monoulane8@istockphoto.com','2020-06-30'),
(10,'Veda Bunworth','2000-05-01','+7 292 863 5883','vbunworth9@prnewswire.com','2022-12-14'),
(11,'Dianna Glennon','1996-11-02','+236 504 660 1377','dglennona@cdbaby.com','2021-08-13'),
(12,'Arleyne Penlington','1996-05-12','+976 409 272 2497','apenlingtonb@nifty.com','2022-04-14'),
(13,'Maggee Avey','1992-05-17','+48 460 970 1370','maveyc@4shared.com','2022-10-28'),
(14,'Sari Huonic','1995-02-05','+86 301 278 2808','shuonicd@reverbnation.com','2021-08-30'),
(15,'Garrik Tulley','1990-01-02','+86 222 567 6482','gtulleye@networksolutions.com','2020-10-18'),
(16,'Noelani Gleed','1996-05-21','+86 923 523 4096','ngleedf@forbes.com','2022-12-09'),
(17,'Parry Golt','1996-07-08','+63 957 436 5474','pgoltg@usgs.gov','2021-11-17'),
(18,'Diane Earp','1997-02-06','+381 339 895 4684','dearph@sbwire.com','2021-02-02'),
(19,'Rosabel Mugford','1998-11-24','+62 725 264 1484','rmugfordi@tmall.com','2021-03-12'),
(20,'Gerome McIlmorie','1991-07-30','+62 484 294 5532','gmcilmoriej@tumblr.com','2021-06-05');

INSERT INTO emp_on_proj(proj_id, emp_id, role) VALUES
(6,11,'Quality Assurance Analyst'),
(1,4,'Network Engineer'),
(4,4,'Scrum Master'),
(8,15,'Programmer'),
(5,11,'Project Manager'),
(11,11,'Systems Analyst'),
(18,11,'UI/UX Designer'),
(18,4,'Quality Assurance Analyst'),
(4,11,'Network Engineer'),
(3,4,'Project Manager'),
(20,15,'Network Engineer'),
(9,15,'Database Administrator');

INSERT INTO payments_history(emp_id, policy_id, pay_date, amount) VALUES
(6,12,'2021-04-05',81545),
(9,12,'2020-04-17',83643),
(1,12,'2022-05-27',73455),
(15,12,'2022-12-26',53436),
(4,12,'2022-03-13',148525),
(16,12,'2020-08-14',126177),
(7,12,'2020-07-10',113983),
(1,12,'2022-06-15',65653),
(19,12,'2022-04-01',133276),
(13,12,'2022-07-03',84587),
(13,12,'2020-11-02',143541),
(13,12,'2022-12-17',143122),
(13,12,'2021-11-01',141096),
(5,12,'2021-02-20',104776),
(8,12,'2020-12-23',115686),
(16,12,'2022-06-04',109018),
(2,12,'2021-07-26',99583),
(10,12,'2021-02-08',73754),
(10,12,'2020-07-18',107271),
(16,12,'2022-04-09',142992),
(19,12,'2020-07-03',75828),
(6,12,'2022-01-27',111984),
(7,12,'2023-01-10',131103),
(19,12,'2022-08-01',104134),
(10,12,'2020-03-27',142556),
(18,12,'2021-04-20',135180),
(2,12,'2021-12-09',96813),
(6,12,'2021-01-22',133829),
(18,12,'2021-09-02',140297),
(3,12,'2022-09-09',145983),
(12,12,'2021-07-27',102680),
(10,12,'2021-02-12',75949),
(7,12,'2022-11-18',55734),
(18,12,'2021-11-27',50096),
(6,12,'2021-04-06',126526),
(19,12,'2022-09-13',76868),
(9,12,'2020-08-31',128191),
(13,12,'2020-04-13',76479),
(19,12,'2021-04-05',51141),
(15,12,'2022-11-18',144796),
(7,12,'2020-08-04',136003),
(8,12,'2022-06-16',100484),
(4,12,'2020-10-31',69882),
(13,12,'2021-09-20',78884),
(2,12,'2022-04-09',110849),
(19,12,'2023-01-29',123826),
(19,12,'2022-06-25',123672),
(17,12,'2021-10-16',95122),
(5,12,'2021-07-22',63258),
(10,12,'2022-10-28',104793),
(20,12,'2022-09-13',108730),
(17,12,'2022-03-13',123116),
(19,12,'2022-11-24',116098),
(10,12,'2021-09-04',80437),
(5,12,'2021-06-29',131767),
(3,12,'2022-10-04',76000),
(17,12,'2021-11-26',147900),
(10,12,'2021-08-09',57877),
(16,12,'2022-12-17',103571),
(1,12,'2020-03-22',133884),
(1,12,'2021-03-07',143615),
(20,12,'2020-11-29',90283),
(20,12,'2022-05-02',138544),
(18,12,'2021-07-28',91958),
(16,12,'2021-07-20',140069),
(3,12,'2023-02-08',118693),
(6,12,'2021-06-27',122307),
(11,12,'2020-09-14',79569),
(9,12,'2020-10-06',139812),
(10,12,'2021-08-05',99776),
(19,12,'2021-11-25',120091),
(20,12,'2021-12-09',118742),
(20,12,'2020-06-21',123559),
(8,12,'2022-03-15',86245),
(19,12,'2022-06-20',121331),
(7,12,'2022-09-29',52763),
(6,12,'2020-05-23',72394),
(19,12,'2022-04-25',68689),
(12,12,'2021-10-26',107127),
(7,12,'2020-03-10',140429),
(14,12,'2021-04-22',121421),
(15,12,'2021-11-18',97668),
(8,12,'2022-06-08',77880),
(15,12,'2023-01-23',102510),
(9,12,'2023-02-12',50350),
(13,12,'2023-01-02',50882),
(15,12,'2021-08-30',66640),
(15,12,'2020-08-10',80137),
(7,12,'2020-12-27',51591),
(19,12,'2021-11-20',143438),
(7,12,'2020-07-06',129501),
(2,12,'2022-10-14',98989),
(2,12,'2021-10-13',50858),
(5,12,'2022-07-01',55526),
(5,12,'2022-10-20',97175),
(20,12,'2020-12-05',112516),
(2,12,'2021-10-14',90266),
(10,12,'2022-10-24',116664),
(8,12,'2022-08-02',110039),
(12,12,'2022-08-13',79879);

INSERT INTO payments_policies(name, type, proj_id, periodicity, start_date, end_date, amount) VALUES
('Project Manager salary','salary',NULL,30,NULL,NULL,80000),
('Software Developer salary','salary',NULL,30,NULL,NULL,80000),
('Quality Assurance Analyst salary','salary',NULL,30,NULL,NULL,80000),
('Systems Analyst salary','salary',NULL,30,NULL,NULL,80000),
('Database Administrator salary','salary',NULL,30,NULL,NULL,80000),
('Network Engineer salary','salary',NULL,30,NULL,NULL,80000),
('UI/UX Designer salary','salary',NULL,30,NULL,NULL,80000),
('Business Analyst salary','salary',NULL,30,NULL,NULL,80000),
('Scrum Master salary','salary',NULL,30,NULL,NULL,80000),
('Technical Writer salary','salary',NULL,30,NULL,NULL,80000),
('Programmer salary','salary',NULL,30,NULL,NULL,80000),
('Archieve salary','salary',NULL,30,NULL,NULL,80000),
('Pannier bonus','bonus',4,30,'2023-12-07','2024-02-26',10000),
('Sonsing bonus','bonus',11,30,'2024-02-17','2024-05-10',10000),
('Gembucket bonus','bonus',15,30,'2024-02-11','2024-03-08',10000);

INSERT INTO projects(proj_id, name, start_date, end_date, status) VALUES
(1,'Y-Solowarm project','2023-02-04','2023-02-20','Closed'),
(2,'Domainer project','2023-02-07','2023-03-04','Closed'),
(3,'Gembucket project','2023-11-25','2023-12-12','Closed'),
(4,'Pannier project','2023-12-07','2024-02-26','In progress'),
(5,'Span project','2023-10-24','2024-01-08','Closed'),
(6,'Fixflex project','2023-07-15','2023-09-13','Closed'),
(7,'Quo Lux project','2023-02-09','2023-03-26','Closed'),
(8,'Kanlam project','2023-02-12','2023-03-01','Closed'),
(9,'Tresom project','2023-04-22','2023-05-22','Closed'),
(10,'Fix San project','2023-11-28','2024-01-27','Closed'),
(11,'Sonsing project','2024-02-17','2024-05-10','In progress'),
(12,'Sonair project','2024-01-16','2024-01-31','Closed'),
(13,'Rank project','2023-03-08','2023-05-20','Closed'),
(14,'Bytecard project','2023-11-26','2023-12-21','Closed'),
(15,'Gembucket project','2024-02-11','2024-03-08','In progress'),
(16,'Latlux project','2023-08-03','2023-10-13','Closed'),
(17,'Tin project','2023-04-29','2023-07-08','Closed'),
(18,'Zamit project','2023-02-15','2023-04-06','Closed'),
(19,'Konklux project','2023-02-11','2023-03-28','Closed'),
(20,'Toughjoyfax project','2023-12-19','2024-01-14','Closed'),
(21,'Zaam-Dox project','2023-11-10','2024-01-14','Closed'),
(22,'Sonair project','2023-08-21','2023-10-20','Closed'),
(23,'Home Ing project','2024-02-04','2024-03-06','In progress'),
(24,'Quo Lux project','2023-04-14','2023-05-21','Closed'),
(25,'Matsoft project','2023-02-12','2023-05-03','Closed');

INSERT INTO role_history(proj_id, emp_id, rec_date, new_role) VALUES
(10,2,'2023-11-28',NULL),
(16,19,'2023-08-03',NULL),
(18,14,'2023-02-15',NULL),
(1,11,'2023-02-04',NULL),
(21,20,'2023-11-10',NULL),
(12,5,'2024-01-16',NULL),
(10,15,'2023-11-28',NULL),
(16,8,'2023-08-03',NULL),
(17,10,'2023-04-29',NULL),
(9,17,'2023-04-22',NULL),
(17,11,'2023-04-29',NULL),
(6,6,'2023-07-15',NULL),
(22,8,'2023-08-21',NULL),
(25,12,'2023-02-12',NULL),
(10,6,'2023-11-28',NULL),
(22,20,'2023-08-21',NULL),
(24,7,'2023-04-14',NULL),
(6,20,'2023-07-15',NULL),
(25,18,'2023-02-12',NULL),
(2,2,'2023-02-07',NULL),
(13,2,'2023-03-08',NULL),
(1,13,'2023-02-04',NULL),
(1,3,'2023-02-04',NULL),
(20,1,'2023-12-19',NULL),
(10,16,'2023-11-28',NULL),
(13,5,'2023-03-08',NULL),
(21,12,'2023-11-10',NULL),
(3,3,'2023-11-25',NULL),
(13,12,'2023-03-08',NULL),
(25,19,'2023-02-12',NULL),
(2,9,'2023-02-07',NULL),
(24,17,'2023-04-14',NULL),
(9,18,'2023-04-22',NULL),
(13,18,'2023-03-08',NULL),
(18,11,'2023-02-15',NULL),
(19,12,'2023-02-11',NULL),
(8,14,'2023-02-12',NULL),
(25,15,'2023-02-12',NULL),
(24,18,'2023-04-14',NULL),
(8,18,'2023-02-12',NULL),
(10,7,'2023-11-28',NULL),
(9,9,'2023-04-22',NULL),
(6,15,'2023-07-15',NULL),
(21,10,'2023-11-10',NULL),
(12,16,'2024-01-16',NULL),
(18,16,'2023-02-15',NULL),
(12,4,'2024-01-16',NULL),
(2,10,'2023-02-07',NULL),
(2,7,'2023-02-07',NULL),
(22,3,'2023-08-21',NULL),
(20,10,'2023-12-19',NULL),
(2,11,'2023-02-07',NULL),
(16,13,'2023-08-03',NULL),
(22,5,'2023-08-21',NULL),
(22,7,'2023-08-21',NULL),
(12,10,'2024-01-16',NULL),
(25,2,'2023-02-12',NULL),
(19,1,'2023-02-11',NULL),
(5,13,'2023-10-24',NULL),
(24,11,'2023-04-14',NULL),
(7,17,'2023-02-09',NULL),
(9,6,'2023-04-22',NULL),
(20,2,'2023-12-19',NULL),
(3,2,'2023-11-25',NULL),
(20,3,'2023-12-19',NULL),
(17,6,'2023-04-29',NULL),
(1,5,'2023-02-04',NULL),
(3,10,'2023-11-25',NULL),
(14,11,'2023-11-26',NULL),
(24,3,'2023-04-14',NULL),
(6,14,'2023-07-15',NULL),
(24,19,'2023-04-14',NULL),
(18,6,'2023-02-15',NULL),
(10,2,'2023-11-28','Project Manager'),
(16,19,'2023-08-03','Software Developer'),
(11,6,'2024-02-17','Quality Assurance Analyst'),
(18,14,'2023-02-15','Systems Analyst'),
(23,13,'2024-02-04','Database Administrator'),
(4,1,'2023-12-07','Network Engineer'),
(1,11,'2023-02-04','UI/UX Designer'),
(21,20,'2023-11-10','Scrum Master'),
(12,5,'2024-01-16','Programmer'),
(10,15,'2023-11-28','Software Developer'),
(16,8,'2023-08-03','Quality Assurance Analyst'),
(17,10,'2023-04-29','Database Administrator'),
(9,17,'2023-04-22','Network Engineer'),
(17,11,'2023-04-29','UI/UX Designer'),
(6,6,'2023-07-15','Business Analyst'),
(4,4,'2023-12-07','Scrum Master'),
(22,8,'2023-08-21','Technical Writer'),
(15,8,'2024-02-11','Programmer'),
(11,5,'2024-02-17','Project Manager'),
(25,12,'2023-02-12','Software Developer'),
(10,6,'2023-11-28','Quality Assurance Analyst'),
(22,20,'2023-08-21','Systems Analyst'),
(24,7,'2023-04-14','Database Administrator'),
(6,20,'2023-07-15','Network Engineer'),
(25,18,'2023-02-12','UI/UX Designer'),
(2,2,'2023-02-07','Business Analyst'),
(13,2,'2023-03-08','Scrum Master'),
(1,13,'2023-02-04','Programmer'),
(1,3,'2023-02-04','Project Manager'),
(20,1,'2023-12-19','Software Developer'),
(10,16,'2023-11-28','Quality Assurance Analyst'),
(11,11,'2024-02-17','Systems Analyst'),
(23,8,'2024-02-04','Database Administrator'),
(13,5,'2023-03-08','UI/UX Designer'),
(21,12,'2023-11-10','Scrum Master'),
(3,3,'2023-11-25','Technical Writer'),
(13,12,'2023-03-08','Programmer'),
(25,19,'2023-02-12','Project Manager'),
(2,9,'2023-02-07','Software Developer'),
(24,17,'2023-04-14','Quality Assurance Analyst'),
(9,18,'2023-04-22','Systems Analyst'),
(13,18,'2023-03-08','Database Administrator'),
(18,11,'2023-02-15','Network Engineer'),
(11,18,'2024-02-17','UI/UX Designer'),
(19,12,'2023-02-11','Business Analyst'),
(8,14,'2023-02-12','Scrum Master'),
(25,15,'2023-02-12','Technical Writer'),
(24,18,'2023-04-14','Programmer'),
(8,18,'2023-02-12','Project Manager'),
(10,7,'2023-11-28','Software Developer'),
(4,18,'2023-12-07','Quality Assurance Analyst'),
(9,9,'2023-04-22','Systems Analyst'),
(6,15,'2023-07-15','Database Administrator'),
(11,4,'2024-02-17','Network Engineer'),
(21,10,'2023-11-10','UI/UX Designer'),
(12,16,'2024-01-16','Scrum Master'),
(18,16,'2023-02-15','Technical Writer'),
(12,4,'2024-01-16','Programmer'),
(4,3,'2023-12-07','Project Manager'),
(2,10,'2023-02-07','Quality Assurance Analyst'),
(2,7,'2023-02-07','Systems Analyst'),
(23,9,'2024-02-04','Database Administrator'),
(22,3,'2023-08-21','Network Engineer'),
(20,10,'2023-12-19','Business Analyst'),
(2,11,'2023-02-07','Scrum Master'),
(16,13,'2023-08-03','Technical Writer'),
(22,5,'2023-08-21','Programmer'),
(22,7,'2023-08-21','Project Manager'),
(12,10,'2024-01-16','Software Developer'),
(25,2,'2023-02-12','Quality Assurance Analyst'),
(23,17,'2024-02-04','Systems Analyst'),
(19,1,'2023-02-11','Database Administrator'),
(15,20,'2024-02-11','Network Engineer'),
(5,13,'2023-10-24','UI/UX Designer'),
(24,11,'2023-04-14','Business Analyst'),
(7,17,'2023-02-09','Scrum Master'),
(9,6,'2023-04-22','Technical Writer'),
(20,2,'2023-12-19','Programmer'),
(3,2,'2023-11-25','Project Manager'),
(20,3,'2023-12-19','Software Developer'),
(17,6,'2023-04-29','Quality Assurance Analyst'),
(15,9,'2024-02-11','Database Administrator'),
(1,5,'2023-02-04','Network Engineer'),
(3,10,'2023-11-25','UI/UX Designer'),
(14,11,'2023-11-26','Business Analyst'),
(24,3,'2023-04-14','Scrum Master'),
(6,14,'2023-07-15','Technical Writer'),
(24,19,'2023-04-14','Programmer'),
(18,6,'2023-02-15','Project Manager');

